{
  "name": "scene4",
  "maxRecursionLevel": 6,
  "antiAliasingFactor": 1,
  "renderRefarctions": true,
  "renderReflections": true,
  "camera": {
    "towardsVec": {
      "x": 0.0,
      "y": -0.09950371902099893,
      "z": -0.9950371902099893
    },
    "upVec": {
      "x": 0.0,
      "y": 0.9950371902099893,
      "z": -0.09950371902099893
    },
    "rightVec": {
      "x": 1.0,
      "y": -0.0,
      "z": 0.0
    },
    "cameraPosition": {
      "x": 0.0,
      "y": 2.0,
      "z": 6.0
    },
    "distanceToPlain": 2.0,
    "Center": {
      "x": 0.0,
      "y": 1.800992561958002,
      "z": 4.009925619580022
    },
    "height": 0.0,
    "width": 0.0,
    "viewAngle": 0.0,
    "pixelWidth": 0.0
  },
  "ambient": {
    "x": 1.0,
    "y": 1.0,
    "z": 1.0
  },
  "backgroundColor": {
    "x": 0.0,
    "y": 0.5,
    "z": 1.0
  },
  "lightSources": [
    {
      "CLASSNAME": "edu.cg.scene.lightSources.CutoffSpotlight",
      "DATA": {
        "direction": {
          "x": 0.0,
          "y": -1.0,
          "z": 0.0
        },
        "cutoffAngle": 1.3089969389957472,
        "position": {
          "x": 0.0,
          "y": 6.0,
          "z": -10.0
        },
        "kq": 0.01,
        "kl": 0.1,
        "kc": 1.0,
        "intensity": {
          "x": 0.5,
          "y": 0.5,
          "z": 0.5
        }
      }
    }
  ],
  "surfaces": [
    {
      "shape": {
        "CLASSNAME": "edu.cg.scene.objects.Dome",
        "DATA": {
          "sphere": {
            "center": {
              "x": 2.0,
              "y": 0.0,
              "z": -10.0
            },
            "radius": 5.0
          },
          "plain": {
            "a": 1.0,
            "b": 0.0,
            "c": 0.0,
            "d": -2.0
          },
          "center": {
            "x": 2.0,
            "y": 0.0,
            "z": -10.0
          }
        }
      },
      "material": {
        "Ka": {
          "x": 0.4301073077653711,
          "y": 0.44937971476575217,
          "z": 0.37611389174848125
        },
        "Kd": {
          "x": 0.8602146155307422,
          "y": 0.8987594295315043,
          "z": 0.7522277834969625
        },
        "Ks": {
          "x": 0.32540276290092607,
          "y": 0.32540276290092607,
          "z": 0.32540276290092607
        },
        "reflectionIntensity": 0.0,
        "shininess": 10,
        "isTransparent": true,
        "refractionIntensity": 0.4469838961063123,
        "refractionIndex": 2.2959475292867957
      }
    },
    {
      "shape": {
        "CLASSNAME": "edu.cg.scene.objects.Dome",
        "DATA": {
          "sphere": {
            "center": {
              "x": -2.0,
              "y": 0.0,
              "z": -10.0
            },
            "radius": 5.0
          },
          "plain": {
            "a": -1.0,
            "b": 0.0,
            "c": 0.0,
            "d": -2.0
          },
          "center": {
            "x": -2.0,
            "y": 0.0,
            "z": -10.0
          }
        }
      },
      "material": {
        "Ka": {
          "x": 0.4301073077653711,
          "y": 0.44937971476575217,
          "z": 0.37611389174848125
        },
        "Kd": {
          "x": 0.8602146155307422,
          "y": 0.8987594295315043,
          "z": 0.7522277834969625
        },
        "Ks": {
          "x": 0.32540276290092607,
          "y": 0.32540276290092607,
          "z": 0.32540276290092607
        },
        "reflectionIntensity": 0.0,
        "shininess": 10,
        "isTransparent": true,
        "refractionIntensity": 0.4469838961063123,
        "refractionIndex": 2.2959475292867957
      }
    }
  ]
}