{
  "name": "scene2",
  "maxRecursionLevel": 6,
  "antiAliasingFactor": 1,
  "renderRefarctions": true,
  "renderReflections": true,
  "camera": {
    "towardsVec": {
      "x": 0.0,
      "y": -0.09950371902099893,
      "z": -0.9950371902099893
    },
    "upVec": {
      "x": 0.0,
      "y": 0.9950371902099893,
      "z": -0.09950371902099893
    },
    "rightVec": {
      "x": 1.0,
      "y": -0.0,
      "z": 0.0
    },
    "cameraPosition": {
      "x": 0.0,
      "y": 2.0,
      "z": 6.0
    },
    "distanceToPlain": 2.0,
    "Center": {
      "x": 0.0,
      "y": 1.800992561958002,
      "z": 4.009925619580022
    },
    "height": 0.0,
    "width": 0.0,
    "viewAngle": 0.0,
    "pixelWidth": 0.0
  },
  "ambient": {
    "x": 0.4,
    "y": 0.4,
    "z": 0.4
  },
  "backgroundColor": {
    "x": 0.0,
    "y": 0.5,
    "z": 1.0
  },
  "lightSources": [
    {
      "CLASSNAME": "edu.cg.scene.lightSources.DirectionalLight",
      "DATA": {
        "direction": {
          "x": 0.7071067811865475,
          "y": -0.7071067811865475,
          "z": 0.0
        },
        "intensity": {
          "x": 0.7,
          "y": 0.7,
          "z": 0.7
        }
      }
    }
  ],
  "surfaces": [
    {
      "shape": {
        "CLASSNAME": "edu.cg.scene.objects.Plain",
        "DATA": {
          "a": 0.0,
          "b": 1.0,
          "c": 0.0,
          "d": 1.0
        }
      },
      "material": {
        "Ka": {
          "x": 0.2,
          "y": 0.2,
          "z": 0.2
        },
        "Kd": {
          "x": 0.4,
          "y": 0.4,
          "z": 0.4
        },
        "Ks": {
          "x": 0.4,
          "y": 0.4,
          "z": 0.4
        },
        "reflectionIntensity": 0.2,
        "shininess": 10,
        "isTransparent": false,
        "refractionIntensity": 0.3,
        "refractionIndex": 1.5
      }
    },
    {
      "shape": {
        "CLASSNAME": "edu.cg.scene.objects.Sphere",
        "DATA": {
          "center": {
            "x": 0.0,
            "y": 0.0,
            "z": -0.0
          },
          "radius": 0.5
        }
      },
      "material": {
        "Ka": {
          "x": 0.36610659430634046,
          "y": 0.05808387368194756,
          "z": 0.06809117503651102
        },
        "Kd": {
          "x": 0.7322131886126809,
          "y": 0.11616774736389512,
          "z": 0.13618235007302204
        },
        "Ks": {
          "x": 0.916666348940345,
          "y": 0.916666348940345,
          "z": 0.916666348940345
        },
        "reflectionIntensity": 0.0,
        "shininess": 10,
        "isTransparent": false,
        "refractionIntensity": 0.3,
        "refractionIndex": 1.5
      }
    },
    {
      "shape": {
        "CLASSNAME": "edu.cg.scene.objects.Sphere",
        "DATA": {
          "center": {
            "x": -1.0,
            "y": 0.0,
            "z": -1.0
          },
          "radius": 0.5
        }
      },
      "material": {
        "Ka": {
          "x": 0.14576671654711265,
          "y": 0.28362358786862757,
          "z": 0.2608016402818178
        },
        "Kd": {
          "x": 0.2915334330942253,
          "y": 0.5672471757372551,
          "z": 0.5216032805636356
        },
        "Ks": {
          "x": 0.7906388867482033,
          "y": 0.7906388867482033,
          "z": 0.7906388867482033
        },
        "reflectionIntensity": 0.0,
        "shininess": 10,
        "isTransparent": true,
        "refractionIntensity": 0.8322125400031597,
        "refractionIndex": 1.473817735320667
      }
    },
    {
      "shape": {
        "CLASSNAME": "edu.cg.scene.objects.Sphere",
        "DATA": {
          "center": {
            "x": 0.0,
            "y": 0.0,
            "z": -1.0
          },
          "radius": 0.5
        }
      },
      "material": {
        "Ka": {
          "x": 0.07233356869282737,
          "y": 0.05124132134753412,
          "z": 0.21255199855230056
        },
        "Kd": {
          "x": 0.14466713738565473,
          "y": 0.10248264269506824,
          "z": 0.4251039971046011
        },
        "Ks": {
          "x": 0.6729560505187147,
          "y": 0.6729560505187147,
          "z": 0.6729560505187147
        },
        "reflectionIntensity": 0.0,
        "shininess": 10,
        "isTransparent": false,
        "refractionIntensity": 0.3,
        "refractionIndex": 1.5
      }
    },
    {
      "shape": {
        "CLASSNAME": "edu.cg.scene.objects.Sphere",
        "DATA": {
          "center": {
            "x": 1.0,
            "y": 0.0,
            "z": -1.0
          },
          "radius": 0.5
        }
      },
      "material": {
        "Ka": {
          "x": 0.37703441330973037,
          "y": 0.11524014451822434,
          "z": 0.4976423347041589
        },
        "Kd": {
          "x": 0.7540688266194607,
          "y": 0.23048028903644868,
          "z": 0.9952846694083178
        },
        "Ks": {
          "x": 0.8628374029344429,
          "y": 0.8628374029344429,
          "z": 0.8628374029344429
        },
        "reflectionIntensity": 0.0,
        "shininess": 10,
        "isTransparent": false,
        "refractionIntensity": 0.3,
        "refractionIndex": 1.5
      }
    },
    {
      "shape": {
        "CLASSNAME": "edu.cg.scene.objects.Sphere",
        "DATA": {
          "center": {
            "x": -2.0,
            "y": 0.0,
            "z": -2.0
          },
          "radius": 0.5
        }
      },
      "material": {
        "Ka": {
          "x": 0.04714125376446754,
          "y": 0.09993036848304232,
          "z": 0.4889548780876638
        },
        "Kd": {
          "x": 0.09428250752893508,
          "y": 0.19986073696608464,
          "z": 0.9779097561753276
        },
        "Ks": {
          "x": 0.42144967849504367,
          "y": 0.42144967849504367,
          "z": 0.42144967849504367
        },
        "reflectionIntensity": 0.0,
        "shininess": 10,
        "isTransparent": false,
        "refractionIntensity": 0.3,
        "refractionIndex": 1.5
      }
    },
    {
      "shape": {
        "CLASSNAME": "edu.cg.scene.objects.Sphere",
        "DATA": {
          "center": {
            "x": -1.0,
            "y": 0.0,
            "z": -2.0
          },
          "radius": 0.5
        }
      },
      "material": {
        "Ka": {
          "x": 0.19875469864068035,
          "y": 0.41615887257005535,
          "z": 0.25040181261064604
        },
        "Kd": {
          "x": 0.3975093972813607,
          "y": 0.8323177451401107,
          "z": 0.5008036252212921
        },
        "Ks": {
          "x": 0.6182432113532922,
          "y": 0.6182432113532922,
          "z": 0.6182432113532922
        },
        "reflectionIntensity": 0.7170427327512816,
        "shininess": 10,
        "isTransparent": false,
        "refractionIntensity": 0.3,
        "refractionIndex": 1.5
      }
    },
    {
      "shape": {
        "CLASSNAME": "edu.cg.scene.objects.Sphere",
        "DATA": {
          "center": {
            "x": 0.0,
            "y": 0.0,
            "z": -2.0
          },
          "radius": 0.5
        }
      },
      "material": {
        "Ka": {
          "x": 0.08537331238991075,
          "y": 0.018840940415827456,
          "z": 0.13090168104243832
        },
        "Kd": {
          "x": 0.1707466247798215,
          "y": 0.03768188083165491,
          "z": 0.26180336208487665
        },
        "Ks": {
          "x": 0.8571021971608304,
          "y": 0.8571021971608304,
          "z": 0.8571021971608304
        },
        "reflectionIntensity": 0.0,
        "shininess": 10,
        "isTransparent": true,
        "refractionIntensity": 0.6863226499549187,
        "refractionIndex": 1.3921454328835865
      }
    },
    {
      "shape": {
        "CLASSNAME": "edu.cg.scene.objects.Sphere",
        "DATA": {
          "center": {
            "x": 1.0,
            "y": 0.0,
            "z": -2.0
          },
          "radius": 0.5
        }
      },