{
  "name": "scene4",
  "maxRecursionLevel": 6,
  "antiAliasingFactor": 1,
  "renderRefarctions": true,
  "renderReflections": true,
  "camera": {
    "towardsVec": {
      "x": 0.0,
      "y": -0.09950371902099893,
      "z": -0.9950371902099893
    },
    "upVec": {
      "x": 0.0,
      "y": 0.9950371902099893,
      "z": -0.09950371902099893
    },
    "rightVec": {
      "x": 1.0,
      "y": -0.0,
      "z": 0.0
    },
    "cameraPosition": {
      "x": 0.0,
      "y": 2.0,
      "z": 6.0
    },
    "distanceToPlain": 2.0,
    "Center": {
      "x": 0.0,
      "y": 1.800992561958002,
      "z": 4.009925619580022
    },
    "height": 0.0,
    "width": 0.0,
    "viewAngle": 0.0,
    "pixelWidth": 0.0
  },
  "ambient": {
    "x": 1.0,
    "y": 1.0,
    "z": 1.0
  },
  "backgroundColor": {
    "x": 0.0,
    "y": 0.5,
    "z": 1.0
  },
  "lightSources": [
    {
      "CLASSNAME": "edu.cg.scene.lightSources.CutoffSpotlight",
      "DATA": {
        "direction": {
          "x": 0.0,
          "y": -1.0,
          "z": 0.0
        },
        "cutoffAngle": 1.3089969389957472,
        "position": {
          "x": 0.0,
          "y": 6.0,
          "z": -10.0
        },
        "kq": 0.01,
        "kl": 0.1,
        "kc": 1.0,
        "intensity": {
          "x": 0.5,
          "y": 0.5,
          "z": 0.5
        }
      }
    }
  ],
  "surfaces": [
    {
      "shape": {
        "CLASSNAME": "edu.cg.scene.objects.Dome",
        "DATA": {
          "sphere": {
            "center": {
              "x": 2.0,
              "y": 0.0,
              "z": -10.0
            },
            "radius": 5.0
          },
          "plain": {
            "a": 1.0,
            "b": 0.0,
            "c": 0.0,
            "d": -2.0
          },
          "center": {
            "x": 2.0,
            "y": 0.0,
            "z": -10.0
          }
        }
      },
      "material": {
        "Ka": {
          "x": 0.07346220937320153,
          "y": 0.33441363820108105,
          "z": 0.41433028392566373
        },
        "Kd": {
          "x": 0.14692441874640305,
          "y": 0.6688272764021621,
          "z": 0.8286605678513275
        },
        "Ks": {
          "x": 0.8511560949216248,
          "y": 0.8511560949216248,
          "z": 0.8511560949216248
        },
        "reflectionIntensity": 0.0,
        "shininess": 10,
        "isTransparent": false,
        "refractionIntensity": 0.3,
        "refractionIndex": 1.5
      }
    },
    {
      "shape": {
        "CLASSNAME": "edu.cg.scene.objects.Dome",
        "DATA": {
          "sphere": {
            "center": {
              "x": -2.0,
              "y": 0.0,
              "z": -10.0
            },
            "radius": 5.0
          },
          "plain": {
            "a": -1.0,
            "b": 0.0,
            "c": 0.0,
            "d": -2.0
          },
          "center": {
            "x": -2.0,
            "y": 0.0,
            "z": -10.0
          }
        }
      },
      "material": {
        "Ka": {
          "x": 0.07346220937320153,
          "y": 0.33441363820108105,
          "z": 0.41433028392566373
        },
        "Kd": {
          "x": 0.14692441874640305,
          "y": 0.6688272764021621,
          "z": 0.8286605678513275
        },
        "Ks": {
          "x": 0.8511560949216248,
          "y": 0.8511560949216248,
          "z": 0.8511560949216248
        },
        "reflectionIntensity": 0.0,
        "shininess": 10,
        "isTransparent": false,
        "refractionIntensity": 0.3,
        "refractionIndex": 1.5
      }
    }
  ]
}