{
  "name": "scene2",
  "maxRecursionLevel": 6,
  "antiAliasingFactor": 1,
  "renderRefarctions": true,
  "renderReflections": true,
  "camera": {
    "towardsVec": {
      "x": 0.0,
      "y": -0.09950371902099893,
      "z": -0.9950371902099893
    },
    "upVec": {
      "x": 0.0,
      "y": 0.9950371902099893,
      "z": -0.09950371902099893
    },
    "rightVec": {
      "x": 1.0,
      "y": -0.0,
      "z": 0.0
    },
    "cameraPosition": {
      "x": 0.0,
      "y": 2.0,
      "z": 6.0
    },
    "distanceToPlain": 2.0,
    "Center": {
      "x": 0.0,
      "y": 1.800992561958002,
      "z": 4.009925619580022
    },
    "height": 0.0,
    "width": 0.0,
    "viewAngle": 0.0,
    "pixelWidth": 0.0
  },
  "ambient": {
    "x": 0.4,
    "y": 0.4,
    "z": 0.4
  },
  "backgroundColor": {
    "x": 0.0,
    "y": 0.5,
    "z": 1.0
  },
  "lightSources": [
    {
      "CLASSNAME": "edu.cg.scene.lightSources.DirectionalLight",
      "DATA": {
        "direction": {
          "x": 0.7071067811865475,
          "y": -0.7071067811865475,
          "z": 0.0
        },
        "intensity": {
          "x": 0.7,
          "y": 0.7,
          "z": 0.7
        }
      }
    }
  ],
  "surfaces": [
    {
      "shape": {
        "CLASSNAME": "edu.cg.scene.objects.Plain",
        "DATA": {
          "a": 0.0,
          "b": 1.0,
          "c": 0.0,
          "d": 1.0
        }
      },
      "material": {
        "Ka": {
          "x": 0.2,
          "y": 0.2,
          "z": 0.2
        },
        "Kd": {
          "x": 0.4,
          "y": 0.4,
          "z": 0.4
        },
        "Ks": {
          "x": 0.4,
          "y": 0.4,
          "z": 0.4
        },
        "reflectionIntensity": 0.2,
        "shininess": 10,
        "isTransparent": false,
        "refractionIntensity": 0.3,
        "refractionIndex": 1.5
      }
    },
    {
      "shape": {
        "CLASSNAME": "edu.cg.scene.objects.Sphere",
        "DATA": {
          "center": {
            "x": 0.0,
            "y": 0.0,
            "z": -0.0
          },
          "radius": 0.5
        }
      },
      "material": {
        "Ka": {
          "x": 0.21702324849278232,
          "y": 0.25507468848544684,
          "z": 0.2929362953091042
        },
        "Kd": {
          "x": 0.43404649698556463,
          "y": 0.5101493769708937,
          "z": 0.5858725906182084
        },
        "Ks": {
          "x": 0.5801570821928986,
          "y": 0.5801570821928986,
          "z": 0.5801570821928986
        },
        "reflectionIntensity": 0.0,
        "shininess": 10,
        "isTransparent": false,
        "refractionIntensity": 0.3,
        "refractionIndex": 1.5
      }
    },
    {
      "shape": {
        "CLASSNAME": "edu.cg.scene.objects.Sphere",
        "DATA": {
          "center": {
            "x": -1.0,
            "y": 0.0,
            "z": -1.0
          },
          "radius": 0.5
        }
      },
      "material": {
        "Ka": {
          "x": 0.08058805477651121,
          "y": 0.1709551115553385,
          "z": 0.025225610415210042
        },
        "Kd": {
          "x": 0.16117610955302242,
          "y": 0.341910223110677,
          "z": 0.050451220830420085
        },
        "Ks": {
          "x": 0.48700557226483254,
          "y": 0.48700557226483254,
          "z": 0.48700557226483254
        },
        "reflectionIntensity": 0.7889171600657651,
        "shininess": 10,
        "isTransparent": true,
        "refractionIntensity": 0.3993085924181575,
        "refractionIndex": 1.3730094951028917
      }
    },
    {
      "shape": {
        "CLASSNAME": "edu.cg.scene.objects.Sphere",
        "DATA": {
          "center": {
            "x": 0.0,
            "y": 0.0,
            "z": -1.0
          },
          "radius": 0.5
        }
      },
      "material": {
        "Ka": {
          "x": 0.37048461975105024,
          "y": 0.431113371879621,
          "z": 0.20585068006905755
        },
        "Kd": {
          "x": 0.7409692395021005,
          "y": 0.862226743759242,
          "z": 0.4117013601381151
        },
        "Ks": {
          "x": 0.8132071497048085,
          "y": 0.8132071497048085,
          "z": 0.8132071497048085
        },
        "reflectionIntensity": 0.0,
        "shininess": 10,
        "isTransparent": true,
        "refractionIntensity": 0.5693750548300822,
        "refractionIndex": 1.5999635840404234
      }
    },
    {
      "shape": {
        "CLASSNAME": "edu.cg.scene.objects.Sphere",
        "DATA": {
          "center": {
            "x": 1.0,
            "y": 0.0,
            "z": -1.0
          },
          "radius": 0.5
        }
      },
      "material": {
        "Ka": {
          "x": 0.2938974996566609,
          "y": 0.15627578327695268,
          "z": 0.10203329606007816
        },
        "Kd": {
          "x": 0.5877949993133218,
          "y": 0.31255156655390537,
          "z": 0.20406659212015632
        },
        "Ks": {
          "x": 0.5553241375180346,
          "y": 0.5553241375180346,
          "z": 0.5553241375180346
        },
        "reflectionIntensity": 0.0,
        "shininess": 10,
        "isTransparent": true,
        "refractionIntensity": 0.6618325769373486,
        "refractionIndex": 1.4456488541581947
      }
    },
    {
      "shape": {
        "CLASSNAME": "edu.cg.scene.objects.Sphere",
        "DATA": {
          "center": {
            "x": -2.0,
            "y": 0.0,
            "z": -2.0
          },
          "radius": 0.5
        }
      },
      "material": {
        "Ka": {
          "x": 0.09784069258939049,
          "y": 0.28748295755225106,
          "z": 0.4381289094956151
        },
        "Kd": {
          "x": 0.19568138517878098,
          "y": 0.5749659151045021,
          "z": 0.8762578189912302
        },
        "Ks": {
          "x": 0.8255825749088395,
          "y": 0.8255825749088395,
          "z": 0.8255825749088395
        },
        "reflectionIntensity": 0.0,
        "shininess": 10,
        "isTransparent": false,
        "refractionIntensity": 0.3,
        "refractionIndex": 1.5
      }
    },
    {
      "shape": {
        "CLASSNAME": "edu.cg.scene.objects.Sphere",
        "DATA": {
          "center": {
            "x": -1.0,
            "y": 0.0,
            "z": -2.0
          },
          "radius": 0.5
        }
      },
      "material": {
        "Ka": {
          "x": 0.4470596339459875,
          "y": 6.171622772039309E-4,
          "z": 0.04856243606211941
        },
        "Kd": {
          "x": 0.894119267891975,
          "y": 0.0012343245544078618,
          "z": 0.09712487212423881
        },
        "Ks": {
          "x": 0.42446561954431394,
          "y": 0.42446561954431394,
          "z": 0.42446561954431394
        },
        "reflectionIntensity": 1.0,
        "shininess": 10,
        "isTransparent": false,
        "refractionIntensity": 0.3,
        "refractionIndex": 1.5
      }
    },
    {
      "shape": {
        "CLASSNAME": "edu.cg.scene.objects.Sphere",
        "DATA": {
          "center": {
            "x": 0.0,
            "y": 0.0,
            "z": -2.0
          },
          "radius": 0.5
        }
      },
      "material": {
        "Ka": {
          "x": 0.4534227939577074,
          "y": 0.4419339521216706,
          "z": 0.2632503127526498
        },
        "Kd": {
          "x": 0.9068455879154148,
          "y": 0.8838679042433412,
          "z": 0.5265006255052996
        },
        "Ks": {
          "x": 0.8640426125804876,
          "y": 0.8640426125804876,
          "z": 0.8640426125804876
        },
        "reflectionIntensity": 0.0,
        "shininess": 10,
        "isTransparent": false,
        "refractionIntensity": 0.3,
        "refractionIndex": 1.5
      }
    },
    {
      "shape": {
        "CLASSNAME": "edu.cg.scene.objects.Sphere",
        "DATA": {
          "center": {
            "x": 1.0,
            "y": 0.0,
            "z": -2.0
          },
          "radius": 0.5
        }
      },